{
  "version": 1,
  "name": "sort-numbers",
  "command": "python3 benchmarks/sort_numbers.py",
  "repeat": 200,
  "warmup_runs": 2,
  "samples_seconds": [
    0.0712692498927936, 0.06818499998189509, 0.067056208034046,
    0.06712866702582687, 0.0665405000327155, 0.06627483305055648,
    0.06364054104778916, 0.06339316698722541, 0.06650270894169807,
    0.0648686250206083, 0.06747437501326203, 0.06720729102380574,
    0.06646412506233901, 0.06609325006138533, 0.06562312494497746,
    0.06560175004415214, 0.06473341700620949, 0.06653120799455792,
    0.0666202079737559, 0.06631050002761185, 0.06598041695542634,
    0.06506062496919185, 0.06568712496664375, 0.06508683296851814,
    0.06246604199986905, 0.06322304205968976, 0.06228041695430875,
    0.061969166970811784, 0.06450599990785122, 0.06319587503094226,
    0.06319054204504937, 0.06173179193865508, 0.06170133291743696,
    0.0621090829372406, 0.06298249994870275, 0.06223004194907844,
    0.06376091600395739, 0.06549291708506644, 0.06291987502481788,
    0.0617000829661265, 0.0629489169223234, 0.0627013340126723,
    0.06221854197792709, 0.06293720891699195, 0.06404295901302248,
    0.06230837502516806, 0.062137583969160914, 0.06183675001375377,
    0.06233558291569352, 0.06284141598735005, 0.06316250003874302,
    0.061909500043839216, 0.06333658401854336, 0.06234133301768452,
    0.0617514579789713, 0.061779582989402115, 0.06154520809650421,
    0.0621785830007866, 0.061873250058852136, 0.06152779108379036,
    0.06401900004129857, 0.062393790925852954, 0.06294812506530434,
    0.06178195797838271, 0.06170466588810086, 0.0612712079891935,
    0.06195612496230751, 0.06228120799642056, 0.06393149995710701,
    0.06405733397696167, 0.06183112505823374, 0.06164008309133351,
    0.0617180410772562, 0.06150754098780453, 0.06178624997846782,
    0.06149562506470829, 0.06306120904628187, 0.06388066697400063,
    0.062138832989148796, 0.06179745797999203, 0.06141391710843891,
    0.06282999995164573, 0.062092957901768386, 0.06270404194947332,
    0.0650536249158904, 0.06259866699110717, 0.06260420905891806,
    0.06290983397047967, 0.06225191697012633, 0.062067334074527025,
    0.06274141697213054, 0.0630075839580968, 0.06176141696050763,
    0.06230204098392278, 0.0629607499577105, 0.06212491693440825,
    0.06166616594418883, 0.06300820806063712, 0.06165404198691249,
    0.061810499988496304, 0.06301225000061095, 0.06313808402046561,
    0.06298566597979516, 0.06194108398631215, 0.06303841702174395,
    0.062307832995429635, 0.06139316700864583, 0.06174154102336615,
    0.06317366706207395, 0.06263416598085314, 0.062327333027496934,
    0.06292708299588412, 0.061542415991425514, 0.06356141704600304,
    0.06160625000484288, 0.06178383307997137, 0.06323629198595881,
    0.06523708300665021, 0.06194966600742191, 0.06221529108006507,
    0.06173229101113975, 0.0637872499646619, 0.06339883396867663,
    0.0628123750211671, 0.06360091699752957, 0.06290775001980364,
    0.062368249986320734, 0.06194983294699341, 0.062104874989017844,
    0.062243749969638884, 0.06279070803429931, 0.06176241603679955,
    0.06380258407443762, 0.06256504205521196, 0.06257800001185387,
    0.061301875044591725, 0.0617514590267092, 0.06379862502217293,
    0.061725125066004694, 0.06335679197218269, 0.06346970901358873,
    0.062019416014663875, 0.0632687920005992, 0.06275004090275615,
    0.06203054205980152, 0.06325683405157179, 0.06218079198151827,
    0.06331345799844712, 0.06419874995481223, 0.06216191698331386,
    0.062424874980933964, 0.06292341696098447, 0.06517058296594769,
    0.061862333095632493, 0.0618224999634549, 0.06286387494765222,
    0.06485791609156877, 0.06282366707455367, 0.06196724995970726,
    0.0621268330141902, 0.061222792020998895, 0.06209091702476144,
    0.06361187505535781, 0.0620258750859648, 0.06369924999307841,
    0.06259637500625104, 0.06194774992763996, 0.06426583300344646,
    0.06130720803048462, 0.06192691600881517, 0.06403562508057803,
    0.06153158296365291, 0.06271754205226898, 0.062003916944377124,
    0.06237295793835074, 0.06399429100565612, 0.06318383303005248,
    0.06298345804680139, 0.06261504197027534, 0.06297174992505461,
    0.06511000008322299, 0.06279433309100568, 0.062291375012136996,
    0.06330829195212573, 0.06231449998449534, 0.06354875001125038,
    0.06207020895089954, 0.061971250106580555, 0.06413487496320158,
    0.06254149996675551, 0.06387750001158565, 0.06139912502840161,
    0.06324508308898658, 0.06179916695691645, 0.06226012494880706,
    0.06182291603181511, 0.06395612505730242, 0.06282549991738051,
    0.061840916983783245, 0.06240112497471273
  ],
  "median": 0.06266774999676272,
  "p95": 0.06646412506233901,
  "recorded_at": "2026-05-03T05:45:39.873533+00:00"
}
